{"extensions":{"parallelus-vellum":{"unactive":{"5":"help-tabs\/load.php"},"active":{"0":"breadcrumb\/load.php","1":"contact-fields\/load.php","2":"content-rotator\/load.php","3":"custom-branding\/load.php","4":"extensions-server\/load.php","7":"plugin-installer\/load.php","9":"sidebars\/load.php","10":"theme-portfolio\/post-type-portfolio.php","11":"theme-utilities\/load.php","12":"ubermenu\/load.php","13":"sync-tool\/load.php","14":"layout-manager\/load.php","15":"post-formats\/load.php","16":"demo-content\/load.php"}}}}