{"field_types":{"blog-template":"select-type","blog-grid-columns":"input-text","post-excerpts":"checkbox-bool-type","excerpt-length":"input-text","read-more":"input-text","image-width":"input-text","image-height":"input-text","show-post-format":"checkbox-bool-type","show-date":"checkbox-bool-type","show-categories":"checkbox-bool-type","show-comment-count":"checkbox-bool-type","show-tags":"checkbox-bool-type","single-post-image":"checkbox-bool-type","single-image-width":"input-text","single-image-height":"input-text","single-show-post-format":"checkbox-bool-type","single-show-date":"checkbox-bool-type","single-show-categories":"checkbox-bool-type","single-show-comment-link":"checkbox-bool-type","show-post-navigation":"checkbox-bool-type","audio_format_text":"input-text","gallery_format_text":"input-text","image_format_text":"input-text","link_format_text":"input-text","quote_format_text":"input-text","video_format_text":"input-text","general_format_text":"input-text"},"blog-template":"blog-image-left","blog-grid-columns":"3","post-excerpts":"true","excerpt-length":"50","read-more":"read more","image-width":"","image-height":"","show-post-format":"true","show-date":"false","show-categories":"false","show-comment-count":"true","show-tags":"false","single-post-image":"true","single-image-width":"","single-image-height":"","single-show-post-format":"true","single-show-date":"false","single-show-categories":"false","single-show-comment-link":"true","show-post-navigation":"true","audio_format_text":"","gallery_format_text":"","image_format_text":"","link_format_text":"","quote_format_text":"","video_format_text":"","general_format_text":"","index":"vellum_blog-options","ancestor_key":"","version_key":"id_nogmn6jkyl2ic5gso","import_key":"Array"}