{"fields":{"name":{"label":"Name","alias":"name","caption":"Please enter your name.","field_type":"text","values":"","required":"0","error_required":"","minlength":"","maxlength":"","validation":"","error_validation":"","size":{"width":"","height":""}},"email":{"label":"Email","alias":"email","caption":"Your email address.","field_type":"text","values":"","required":"1","error_required":"","minlength":"","maxlength":"","validation":"","error_validation":"","size":{"width":"","height":""}},"message":{"label":"Message","alias":"message","caption":"The message you wish to send.","field_type":"textarea","values":"","required":"1","error_required":"","minlength":"","maxlength":"","validation":"","error_validation":"","size":{"width":"","height":""}}},"defaults":{"to":"blackhole@example.com","subject":"This is a test message.","thankyou":"Thanks for contacting us!","button":"Send Message","captcha":"1"}}