{"sidebars_list":{"home-page":{"title":"Home Page","alias":"home-page","description":"A sidebar for the home page layout."},"blog":{"title":"Blog","alias":"blog","description":"The default sidebar for blog pages."},"blog-alternate-1":{"title":"Blog (alternate)","alias":"blog-alternate","description":"An alternative sidebar to the default blog sidebar."},"single-post":{"title":"Single Post","alias":"single-post","description":"A sidebar for single blog posts."},"page":{"title":"Page","alias":"page","description":"The default sidebar for pages."},"portfolio":{"title":"Portfolio","alias":"portfolio","description":"A sidebar for portfolio areas."}}}