{"field_types":{"logo-image":"fileupload-type","logo-mobile":"fileupload-type","logo-width":"input-text","logo-url":"input-text","logo-title":"input-text","favorites-icon":"fileupload-type","mobile-bookmark":"fileupload-type","layout-style":"select-type","skin":"select-type","accent-color-1":"colorpicker-type","design-width":"input-text","content-position":"select-type","link-color":"colorpicker-type","link-hover-color":"colorpicker-type","dock-on-scroll":"select-type","masthead-size":"select-type","display-masthead-search":"checkbox-bool-type","masthead-search-placeholder":"input-text","smooth-scrolling":"select-type","image-overlay-effect":"select-type","show-breadcrumbs":"checkbox-bool-type","back-to-top":"checkbox-bool-type","error-content":"select-type","masthead-background-color":"colorpicker-type","masthead-background-image":"fileupload-type","masthead-background-repeat":"select-type","masthead-background-position":"select-type","masthead-gradient-top-opacity":"select-type","masthead-gradient-bottom-opacity":"select-type","header-background-color":"colorpicker-type","header-background-image":"fileupload-type","header-background-repeat":"select-type","header-background-position":"select-type","background-color":"colorpicker-type","background-image":"fileupload-type","background-repeat":"select-type","background-position":"select-type","footer-top-background-color":"colorpicker-type","footer-top-background-image":"fileupload-type","footer-top-background-repeat":"select-type","footer-top-background-position":"select-type","footer-bottom-background-color":"colorpicker-type","footer-bottom-background-image":"fileupload-type","footer-bottom-background-repeat":"select-type","footer-bottom-background-position":"select-type","font-heading-standard":"select-type","font-heading-google":"input-text","font-heading-color":"colorpicker-type","font-h1-size":"input-text","font-h2-size":"input-text","font-h3-size":"input-text","font-h4-size":"input-text","font-h5-size":"input-text","font-h6-size":"input-text","font-body-standard":"select-type","font-body-google":"input-text","font-body-color":"colorpicker-type","font-body-size":"input-text","font-menu-standard":"select-type","font-menu-google":"input-text","font-menu-size":"input-text","menu-font-color":"colorpicker-type","menu-active-color":"colorpicker-type","custom-styles":"textarea-type","custom-js":"textarea-type"},"logo-image":"http:\/\/demo.vellumwp.com\/wp-content\/uploads\/logo-vellum-resort.png","logo-mobile":"","logo-width":"295","logo-url":"","logo-title":"Vellum - The Next Generation of WordPress Themes","favorites-icon":"http:\/\/para.llel.us\/favicon.ico","mobile-bookmark":"http:\/\/para.llel.us\/apple-touch-icon.png","layout-style":"full-width-left","skin":"style-skin-4.css","accent-color-1":"#","design-width":"","content-position":"center","link-color":"#","link-hover-color":"#","dock-on-scroll":"true-all-devices","masthead-size":"v-masthead-medium","display-masthead-search":"false","masthead-search-placeholder":"","smooth-scrolling":"custom-scrollbars-no-ff","image-overlay-effect":"zoom-dark","show-breadcrumbs":"false","back-to-top":"true","error-content":"1960","masthead-background-color":"","masthead-background-image":"","masthead-background-repeat":"cover","masthead-background-position":"left","masthead-gradient-top-opacity":"zero","masthead-gradient-bottom-opacity":"zero","header-background-color":"#","header-background-image":"","header-background-repeat":"no-repeat","header-background-position":"left","background-color":"#","background-image":"","background-repeat":"no-repeat","background-position":"cover","footer-top-background-color":"#","footer-top-background-image":"","footer-top-background-repeat":"no-repeat","footer-top-background-position":"left","footer-bottom-background-color":"#","footer-bottom-background-image":"","footer-bottom-background-repeat":"no-repeat","footer-bottom-background-position":"left","font-heading-standard":"default","font-heading-google":"","font-heading-color":"#","font-h1-size":"","font-h2-size":"","font-h3-size":"","font-h4-size":"","font-h5-size":"","font-h6-size":"","font-body-standard":"default","font-body-google":"","font-body-color":"#","font-body-size":"","font-menu-standard":"default","font-menu-google":"","font-menu-size":"","menu-font-color":"#","menu-active-color":"#","custom-styles":"@media screen and (min-width: 768px) {\r\n\t\/* Custom Mega Menu Backgrounds - Home Pages *\/\r\n\t.mm-home-custom-bg ul.sub-menu-1 { padding: 0px 65px 95px 0px !important; width: 540px !important; background-image: url(\\&#039;http:\/\/para.llel.us\/themes\/vellum-wp\/wp-content\/uploads\/2014\/02\/megamenu-home-pages-bg.png\\&#039;) !important; background-repeat: no-repeat !important; background-position: 100% 100% !important; }\r\n\t\/* Features *\/\r\n\t.mm-features-custom-bg ul.sub-menu-1 { padding: 0px 65px 85px 0px !important; width: 540px !important; background-image: url(\\&#039;http:\/\/para.llel.us\/themes\/vellum-wp\/wp-content\/uploads\/2014\/02\/megamenu-features-bg.png\\&#039;) !important; background-repeat: no-repeat !important; background-position: 100% 100% !important; }\r\n\t\/* Content *\/\r\n\t.mm-content-custom-bg ul.sub-menu-1 { padding: 0px 65px 165px 0px !important; width: 540px !important; background-image: url(\\&#039;http:\/\/para.llel.us\/themes\/vellum-wp\/wp-content\/uploads\/2014\/02\/megamenu-content-bg.png\\&#039;) !important; background-repeat: no-repeat !important; background-position: 100% 100% !important; }\r\n\r\n}","custom-js":"","index":"vellum_options-page","ancestor_key":"","version_key":"id_z6znm1ygbohm0ghus","import_key":"Array"}