{"settings":{"page_id":1364992736,"title":"Blog Options","alias":"blog-options","adminMenuTopItem":"options-general.php","showPageTitle":true,"access":"edit_theme_options","pageDescription":"","icon":""},"sortOrder":{"Ev14Tf5Ipc7m":{"none":"none","RH304MMT785a":{"none":"none","kkr8WJhe6Ysn":"kkr8WJhe6Ysn","JDAfug6PwjTd":"JDAfug6PwjTd","cCpRU4LCV218":"cCpRU4LCV218","aultvykbU5ua":"aultvykbU5ua","oZ582SIm6g5k":"oZ582SIm6g5k","FQ6IKTeJhrPV":"FQ6IKTeJhrPV","llj4luJcp7na":"llj4luJcp7na","WmrqPepx7Ceu":"WmrqPepx7Ceu","0aZi7eggdWlu":"0aZi7eggdWlu","HhcswkmfhGqr":"HhcswkmfhGqr","hXtrZjazFtih":"hXtrZjazFtih","CHjjtB6p2cgR":"CHjjtB6p2cgR"},"rMU130O2Hd9l":{"none":"none","kKspineTvaur":"kKspineTvaur","fQMsLqC7kIXo":"fQMsLqC7kIXo","jJv92l2y07BV":"jJv92l2y07BV","7BqhFcYIKIFt":"7BqhFcYIKIFt","IxTvswQXdygO":"IxTvswQXdygO","lzXubRX1yL3N":"lzXubRX1yL3N","8dAcbEoJPW6G":"8dAcbEoJPW6G","rkhOPToW8B9V":"rkhOPToW8B9V"}},"spAPCLj0KcBS":{"none":"none","4fvwc6Szd3dg":{"none":"none","Jq2qfmTnup6u":"Jq2qfmTnup6u","beAT9nOmg1f8":"beAT9nOmg1f8","yKByPdMSjxFe":"yKByPdMSjxFe","oyukas5uwSVl":"oyukas5uwSVl","hBEoiqZoGzQX":"hBEoiqZoGzQX","RJcj9ArEngUu":"RJcj9ArEngUu","LEIa041xLdtq":"LEIa041xLdtq"}}},"elements":{"none":"none","Ev14Tf5Ipc7m":{"index":"Ev14Tf5Ipc7m","template":"tab","title":"Blog","separate":""},"RH304MMT785a":{"index":"RH304MMT785a","template":"container","type":"invisible","title":"Blog Post List","display_on_customization_page":false,"separate":""},"kkr8WJhe6Ysn":{"index":"kkr8WJhe6Ysn","template":"field","title":"Default Template","type":"select-type","alias":"blog-template","values":"blog-image-top=&gt;Blog - Image Top\r\nblog-image-left=&gt;Blog - Image Left\r\ngrid-rows=&gt;Grid - Rows\r\ngrid-rows-filtered=&gt;Grid - Rows with Filtering\r\ngrid-staggered=&gt;Grid - Staggered\r\ngrid-staggered-filtered=&gt;Grid - Staggered with Filtering\r\n","required":null,"requiredMessage":"","validation":null,"validationMessage":"","titleCaption":"","fieldCaption":"Select the default display template for the blog pages.","separate":""},"JDAfug6PwjTd":{"index":"JDAfug6PwjTd","template":"field","title":"Default Grid Columns","type":"input-text","alias":"blog-grid-columns","values":"3","required":false,"requiredMessage":"","validation":"","validationMessage":"","titleCaption":"","fieldCaption":"The default number of columns in grid layouts. Only applies when using a grid layout template.","separate":""},"cCpRU4LCV218":{"index":"cCpRU4LCV218","template":"field","title":"Use Post Excerpts","type":"checkbox-bool-type","alias":"post-excerpts","values":"true","required":null,"requiredMessage":"","titleCaption":"","fieldCaption":"Use shortened content excerpts. If turned off the full post will display in post lists.","validation":null,"separate":""},"aultvykbU5ua":{"index":"aultvykbU5ua","template":"field","title":"Excerpt Length","type":"input-text","alias":"excerpt-length","values":"50","required":false,"requiredMessage":"","titleCaption":"Optional","fieldCaption":"The number of words in post excerpts, 250 max. Custom excerpts are not restricted by this setting.","separate":""},"oZ582SIm6g5k":{"index":"oZ582SIm6g5k","template":"field","title":"Read More Link","type":"input-text","alias":"read-more","values":"","required":false,"requiredMessage":"","titleCaption":"Optional","fieldCaption":"The link after post excerpts. Enter desired text. For no link leave blank or set to -1","separate":""},"FQ6IKTeJhrPV":{"index":"FQ6IKTeJhrPV","template":"field","title":"Image Width","type":"input-text","alias":"image-width","values":"","required":false,"requiredMessage":"","titleCaption":"Optional","fieldCaption":"Specify a width for images in the post list view.","separate":""},"llj4luJcp7na":{"index":"llj4luJcp7na","template":"field","title":"Image Height","type":"input-text","alias":"image-height","values":"","required":false,"requiredMessage":"","titleCaption":"Optional","fieldCaption":"Specify a height for images in the post list view.","separate":""},"WmrqPepx7Ceu":{"index":"WmrqPepx7Ceu","template":"field","title":"Show Post Format","type":"checkbox-bool-type","alias":"show-post-format","values":"true","required":null,"requiredMessage":"","validation":null,"validationMessage":"","titleCaption":"","fieldCaption":"Show the post format for each post.","separate":""},"0aZi7eggdWlu":{"index":"0aZi7eggdWlu","template":"field","title":"Show Date","type":"checkbox-bool-type","alias":"show-date","values":"","required":null,"requiredMessage":"","validation":null,"validationMessage":"","titleCaption":"","fieldCaption":"Show the date associated with each post.","separate":""},"HhcswkmfhGqr":{"index":"HhcswkmfhGqr","template":"field","title":"Show Categories","type":"checkbox-bool-type","alias":"show-categories","values":"","required":null,"requiredMessage":"","validation":null,"validationMessage":"","titleCaption":"","fieldCaption":"Show the categories associated with each post.","separate":""},"hXtrZjazFtih":{"index":"hXtrZjazFtih","template":"field","title":"Show Comment Count","type":"checkbox-bool-type","alias":"show-comment-count","values":"true","required":null,"requiredMessage":"","validation":null,"validationMessage":"","titleCaption":"","fieldCaption":"Show the comment count and link with each post.","separate":""},"CHjjtB6p2cgR":{"index":"CHjjtB6p2cgR","template":"field","title":"Show Tags","type":"checkbox-bool-type","alias":"show-tags","values":"","required":null,"requiredMessage":"","titleCaption":"","fieldCaption":"Show the tags associated with each post.","validation":null,"separate":""},"rMU130O2Hd9l":{"index":"rMU130O2Hd9l","template":"container","type":"invisible","title":"Single Post","display_on_customization_page":false,"separate":""},"kKspineTvaur":{"index":"kKspineTvaur","template":"field","title":"Show Featured Image","type":"checkbox-bool-type","alias":"single-post-image","values":"true","required":null,"requiredMessage":"","titleCaption":"","fieldCaption":"Display the featured image on the single post. This may not apply to some post formats.","validation":null,"separate":""},"fQMsLqC7kIXo":{"index":"fQMsLqC7kIXo","template":"field","title":"Image Width","type":"input-text","alias":"single-image-width","values":"","required":false,"requiredMessage":"","titleCaption":"Optional","fieldCaption":"Specify a width for images on single posts.","separate":""},"jJv92l2y07BV":{"index":"jJv92l2y07BV","template":"field","title":"Image Height","type":"input-text","alias":"single-image-height","values":"","required":false,"requiredMessage":"","titleCaption":"Optional","fieldCaption":"Specify a height for images on single posts.","separate":""},"7BqhFcYIKIFt":{"index":"7BqhFcYIKIFt","template":"field","title":"Show Post Format","type":"checkbox-bool-type","alias":"single-show-post-format","values":"true","required":null,"requiredMessage":"","validation":null,"validationMessage":"","titleCaption":"","fieldCaption":"Show the post format for each single post page.","separate":""},"IxTvswQXdygO":{"index":"IxTvswQXdygO","template":"field","title":"Show Date","type":"checkbox-bool-type","alias":"single-show-date","values":"","required":null,"requiredMessage":"","validation":null,"validationMessage":"","titleCaption":"","fieldCaption":"Show the date for each single post.","separate":""},"lzXubRX1yL3N":{"index":"lzXubRX1yL3N","template":"field","title":"Show Categories","type":"checkbox-bool-type","alias":"single-show-categories","values":"","required":null,"requiredMessage":"","validation":null,"validationMessage":"","titleCaption":"","fieldCaption":"Show the categories for each single post.","separate":""},"8dAcbEoJPW6G":{"index":"8dAcbEoJPW6G","template":"field","title":"Show Comment Link","type":"checkbox-bool-type","alias":"single-show-comment-link","values":"true","required":null,"requiredMessage":"","validation":null,"validationMessage":"","titleCaption":"","fieldCaption":"Show the comments link for each single post.","separate":""},"rkhOPToW8B9V":{"index":"rkhOPToW8B9V","template":"field","title":"Show Post Navigation","type":"checkbox-bool-type","alias":"show-post-navigation","values":"true","required":null,"requiredMessage":"","titleCaption":"","fieldCaption":"Include links to the next and previous post in your blog.","validation":null,"separate":""},"spAPCLj0KcBS":{"index":"spAPCLj0KcBS","template":"tab","title":"Post Formats","separate":""},"4fvwc6Szd3dg":{"index":"4fvwc6Szd3dg","template":"container","type":"invisible","title":"Post Formats","display_on_customization_page":false,"separate":""},"Jq2qfmTnup6u":{"index":"Jq2qfmTnup6u","template":"field","title":"Audio Format","type":"input-text","alias":"audio_format_text","values":"","required":false,"requiredMessage":"","validation":"","validationMessage":"","titleCaption":"","fieldCaption":"The name of this post format as shown on the public website.","separate":""},"beAT9nOmg1f8":{"index":"beAT9nOmg1f8","template":"field","title":"Gallery Format","type":"input-text","alias":"gallery_format_text","values":"","required":false,"requiredMessage":"","validation":"","validationMessage":"","titleCaption":"","fieldCaption":"The name of this post format as shown on the public website.","separate":""},"yKByPdMSjxFe":{"index":"yKByPdMSjxFe","template":"field","title":"Image Format","type":"input-text","alias":"image_format_text","values":"","required":false,"requiredMessage":"","validation":"","validationMessage":"","titleCaption":"","fieldCaption":"The name of this post format as shown on the public website.","separate":""},"oyukas5uwSVl":{"index":"oyukas5uwSVl","template":"field","title":"Link Format","type":"input-text","alias":"link_format_text","values":"","required":false,"requiredMessage":"","validation":"","validationMessage":"","titleCaption":"","fieldCaption":"The name of this post format as shown on the public website.","separate":""},"hBEoiqZoGzQX":{"index":"hBEoiqZoGzQX","template":"field","title":"Quote Format","type":"input-text","alias":"quote_format_text","values":"","required":false,"requiredMessage":"","validation":"","validationMessage":"","titleCaption":"","fieldCaption":"The name of this post format as shown on the public website.","separate":""},"RJcj9ArEngUu":{"index":"RJcj9ArEngUu","template":"field","title":"Video Format","type":"input-text","alias":"video_format_text","values":"","required":false,"requiredMessage":"","validation":"","validationMessage":"","titleCaption":"","fieldCaption":"The name of this post format as shown on the public website.","separate":""},"LEIa041xLdtq":{"index":"LEIa041xLdtq","template":"field","title":"General format","type":"input-text","alias":"general_format_text","values":"","required":false,"requiredMessage":"","validation":"","validationMessage":"","titleCaption":"","fieldCaption":"The name of this post format as shown on the public website.","separate":""}}}