{"settings":{"page_id":1364922574,"title":"Theme Options","alias":"options-page","adminMenuTopItem":"themes.php","showPageTitle":false,"access":"edit_theme_options","pageDescription":"","icon":""},"sortOrder":{"EHVihvSbum9t":{"none":"none","foIllBNY72Qr":{"none":"none","K2BqLahEgfCJ":"K2BqLahEgfCJ","RF42eLUsXlAU":"RF42eLUsXlAU","nIhz2P4IO9zi":"nIhz2P4IO9zi","oetFUAVRmdNW":"oetFUAVRmdNW","AFVgrKTDAhqX":"AFVgrKTDAhqX","Fphd1qzE3ujr":"Fphd1qzE3ujr","CplH7kbj8FId":"CplH7kbj8FId"},"AbH3jMkOYSAy":{"none":"none","0F70Ffy6ihMN":"0F70Ffy6ihMN","36CAgko9wMqc":"36CAgko9wMqc","aLJnFWNU6LBb":"aLJnFWNU6LBb","thfcWlmP1ewh":"thfcWlmP1ewh","tlZB6voDyftH":"tlZB6voDyftH"},"5qa3NQq9KwhC":{"none":"none","Oe8QFKzxJtVw":"Oe8QFKzxJtVw","YewrdgeM17tR":"YewrdgeM17tR"},"9zs3PuwowmFg":{"none":"none","aAYF5i3UtnJH":"aAYF5i3UtnJH","sGGqbEDbtIOe":"sGGqbEDbtIOe","G66NSDKBITxt":"G66NSDKBITxt","A7czIeGT9kso":"A7czIeGT9kso"},"D0KgX7x0wKhk":{"none":"none","resoEwLGmkKU":"resoEwLGmkKU","aax7PdBPFOSE":"aax7PdBPFOSE","tVszAcrw4w4x":"tVszAcrw4w4x","DhkgwpCR7fdQ":"DhkgwpCR7fdQ","WuBf5z9ww1Uv":"WuBf5z9ww1Uv"}},"nlxiP9WC4HB3":{"none":"none","i2pArgyjB5hj":{"none":"none","zJocvKqlzV0s":"zJocvKqlzV0s","gzQ14txk9bgo":"gzQ14txk9bgo","AnTdGIY8mYX5":"AnTdGIY8mYX5","kDw36MdlrOjM":"kDw36MdlrOjM","NxRJdLm9LvqG":"NxRJdLm9LvqG","xlx3ahwuUcH7":"xlx3ahwuUcH7"},"Mi0cigukOgeD":{"none":"none","ShYDnGT7EsXd":"ShYDnGT7EsXd","XOjKpdSImoOI":"XOjKpdSImoOI","7y8gchCQOt77":"7y8gchCQOt77","2zfYNXnyVx1A":"2zfYNXnyVx1A"},"XrBNDbUCBDxE":{"none":"none","zDJm7GcbWwFO":"zDJm7GcbWwFO","aAMt8WrNj3ky":"aAMt8WrNj3ky","zCPmpI4Kv3Qy":"zCPmpI4Kv3Qy","SHGNesTGyW4e":"SHGNesTGyW4e"},"OGaYNDPKi6B8":{"none":"none","lAvpWg6KtWQb":"lAvpWg6KtWQb","VKzsPlAplQ9C":"VKzsPlAplQ9C","UASeuAP79JrP":"UASeuAP79JrP","vID6aB1LtCbd":"vID6aB1LtCbd"},"LGgVyq7gqhQ3":{"none":"none","FeQeLRSNR8Ku":"FeQeLRSNR8Ku","t4Jkr46Qmv5n":"t4Jkr46Qmv5n","V9yzG3BbWlNb":"V9yzG3BbWlNb","tuffuH8j8dUI":"tuffuH8j8dUI"}},"Jf1C1smIotKD":{"none":"none","cJIxAufO1o9U":{"none":"none","kAP7Tw9V6i32":"kAP7Tw9V6i32","AEyvVjpQevTw":"AEyvVjpQevTw","wutxgBO9FOQG":"wutxgBO9FOQG","wN6iyFCJvuRM":"wN6iyFCJvuRM","zfznoYejrpPu":"zfznoYejrpPu","JffbN4rYbfs6":"JffbN4rYbfs6","SA9cKTBzLKtP":"SA9cKTBzLKtP","U2l1rUvVIKEH":"U2l1rUvVIKEH","TUIpgRdwsRCg":"TUIpgRdwsRCg"},"EnXod9QlVuCr":{"none":"none","AAeBJBg4kQL5":"AAeBJBg4kQL5","T07wGlrztm1t":"T07wGlrztm1t","DvoKClLSdkph":"DvoKClLSdkph","pP1awACHUqpn":"pP1awACHUqpn"},"NWsKgLcfAUTA":{"none":"none","OedTms2VNeX3":"OedTms2VNeX3","TMlYs6xzxHmR":"TMlYs6xzxHmR","ZDVCLCgeiKEx":"ZDVCLCgeiKEx","IdSJe1EoIzRa":"IdSJe1EoIzRa","Lmtcf3nMHqnI":"Lmtcf3nMHqnI"}},"iRYzdXvArNQQ":{"none":"none","grnVpxP5AiS2":{"none":"none","Zs878GBRMp6N":"Zs878GBRMp6N"}},"nXLDr9yD1Hxr":{"none":"none","VwdF9OR64AHP":{"none":"none","PYhkjC1HCuVo":"PYhkjC1HCuVo"}}},"elements":{"none":"none","EHVihvSbum9t":{"index":"EHVihvSbum9t","template":"tab","title":"Theme Options","separate":""},"foIllBNY72Qr":{"index":"foIllBNY72Qr","template":"container","type":"invisible","title":"Logo","display_on_customization_page":"true","separate":"","priority":1},"K2BqLahEgfCJ":{"index":"K2BqLahEgfCJ","template":"field","title":"Image","type":"fileupload-type","alias":"logo-image","separate":"","values":"http:\/\/para.llel.us\/themes\/incentive-wp\/wp-content\/themes\/parallelus-incentive\/assets\/images\/logo.png","required":false,"requiredMessage":"","titleCaption":"","fieldCaption":"Enter the full URL or select a logo file.","validation":null},"RF42eLUsXlAU":{"index":"RF42eLUsXlAU","template":"field","title":"","type":"fileupload-type","alias":"logo-mobile","values":"","required":false,"requiredMessage":"","validation":null,"validationMessage":"","repeating":false,"titleCaption":"","fieldCaption":"Alternate logo for mobile devices. (optional)","separate":""},"nIhz2P4IO9zi":{"index":"nIhz2P4IO9zi","template":"field","title":"Image Width","type":"input-text","alias":"logo-width","values":"","required":false,"requiredMessage":"","validation":"num_only","validationMessage":"","repeating":false,"titleCaption":"","fieldCaption":"Optionally specify the image width. Set to half the actual image size for Hi-DPI devices.","separate":""},"oetFUAVRmdNW":{"index":"oetFUAVRmdNW","template":"field","title":"Link URL","type":"input-text","alias":"logo-url","values":"","required":false,"requiredMessage":"","titleCaption":"Optional","fieldCaption":"A custom URL for the logo link. If empty the default site URL will be used.","separate":""},"AFVgrKTDAhqX":{"index":"AFVgrKTDAhqX","template":"field","title":"Title Attribute","type":"input-text","alias":"logo-title","values":"","required":false,"requiredMessage":"","titleCaption":"Optional","fieldCaption":"The logo alternate text or title attribute.","separate":""},"Fphd1qzE3ujr":{"index":"Fphd1qzE3ujr","template":"field","title":"Favorites Icon","type":"fileupload-type","alias":"favorites-icon","values":"http:\/\/para.llel.us\/favicon.ico","required":false,"requiredMessage":"","titleCaption":"","fieldCaption":"Enter the full URL to your favorites (shortcut) icon file.","validation":null,"separate":""},"CplH7kbj8FId":{"index":"CplH7kbj8FId","template":"field","title":"Mobile Bookmark Icon","type":"fileupload-type","alias":"mobile-bookmark","values":"http:\/\/para.llel.us\/apple-touch-icon.png","required":false,"requiredMessage":"","titleCaption":"","fieldCaption":"This icon is used by Android (v2.1+) and iPhones to display home screen bookmarks.&lt;br&gt;Recommended image size &lt;code&gt;129 x 129&lt;\/code&gt;, saved in PNG format.","validation":null,"separate":""},"AbH3jMkOYSAy":{"index":"AbH3jMkOYSAy","template":"container","type":"invisible","title":"Design Styles","display_on_customization_page":"true","separate":"","priority":2},"0F70Ffy6ihMN":{"index":"0F70Ffy6ihMN","template":"field","title":"Layout Style","type":"select-type","alias":"layout-style","values":"full-width-left=&gt;Full Width - Left Header\r\nfull-width-right=&gt;Full Width - Right Header\r\nfull-width=&gt;Full Width - Top Header\r\nboxed-left=&gt;Boxed - Left Header\r\nboxed-right=&gt;Boxed - Right Header\r\nboxed=&gt;Boxed - Top Header\r\n","required":null,"requiredMessage":"","titleCaption":"","fieldCaption":"","validation":null,"separate":""},"36CAgko9wMqc":{"index":"36CAgko9wMqc","template":"field","title":"Skin CSS","type":"select-type","alias":"skin","values":"style-skin-1.css=&gt;Skin 1\r\nstyle-skin-2.css=&gt;Skin 2\r\nstyle-skin-3.css=&gt;Skin 3\r\n","required":null,"requiredMessage":"","titleCaption":"","fieldCaption":"","validation":null,"separate":""},"aLJnFWNU6LBb":{"index":"aLJnFWNU6LBb","template":"field","title":"Accent Color","type":"colorpicker-type","alias":"accent-color-1","values":"","required":false,"requiredMessage":"","titleCaption":"","fieldCaption":"The primary accent color.","validation":null,"separate":""},"thfcWlmP1ewh":{"index":"thfcWlmP1ewh","template":"field","title":"Design Width","type":"input-text","alias":"design-width","values":"","required":false,"requiredMessage":"","validation":"","validationMessage":"","titleCaption":"","fieldCaption":"Set the maximum width of the design or leave blank to use the setting in the design or skin CSS file.&lt;br&gt;This can be specified in &#039;px&#039; or &#039;%&#039;, or just a number which defaults to &#039;px&#039;. The default value is &#039;1300px&#039;","separate":""},"tlZB6voDyftH":{"index":"tlZB6voDyftH","template":"field","title":"Content Position","type":"select-type","alias":"content-position","values":"center=&gt;Center\r\nleft=&gt;Left\r\nright=&gt;Right\r\n","required":null,"requiredMessage":"","validation":null,"validationMessage":"","titleCaption":"","fieldCaption":"The horizontal position of the design container in the browser.","separate":""},"5qa3NQq9KwhC":{"index":"5qa3NQq9KwhC","template":"container","type":"invisible","title":"Links","display_on_customization_page":"true","separate":"","priority":3},"Oe8QFKzxJtVw":{"index":"Oe8QFKzxJtVw","template":"field","title":"Link Color","type":"colorpicker-type","alias":"link-color","values":"","required":false,"requiredMessage":"","titleCaption":"","fieldCaption":"","validation":null,"separate":""},"YewrdgeM17tR":{"index":"YewrdgeM17tR","template":"field","title":"Hover Color","type":"colorpicker-type","alias":"link-hover-color","values":"","required":false,"requiredMessage":"","titleCaption":"","fieldCaption":"","validation":null,"separate":""},"9zs3PuwowmFg":{"index":"9zs3PuwowmFg","template":"container","type":"invisible","title":"Main Menu","display_on_customization_page":"true","separate":"","priority":4},"aAYF5i3UtnJH":{"index":"aAYF5i3UtnJH","template":"field","title":"Dock Top Banner","type":"select-type","alias":"dock-on-scroll","values":"false=&gt;No\r\ntrue=&gt;Docked below header\r\ntrue-all-devices=&gt;Docked below header (+ mobile)\r\nfixed=&gt;Always docked\r\nfixed-all-devices=&gt;Always docked (+ mobile)\r\n","required":null,"requiredMessage":"","titleCaption":"","fieldCaption":"Dock the top banner when scrolling. Applies to layout styles with top headers only.","validation":null,"separate":"","repeating":false},"sGGqbEDbtIOe":{"index":"sGGqbEDbtIOe","template":"field","title":"Vertical Masthead Size","type":"select-type","alias":"masthead-size","values":"v-masthead-small=&gt;Small\r\nv-masthead-medium=&gt;Medium\r\nv-masthead-large=&gt;Large\r\n","required":null,"requiredMessage":"","validation":null,"validationMessage":"","titleCaption":"","fieldCaption":"Only applies to layout styles with masthead left or right.","separate":""},"G66NSDKBITxt":{"index":"G66NSDKBITxt","template":"field","title":"Display Search","type":"checkbox-bool-type","alias":"display-masthead-search","values":"true","required":null,"requiredMessage":"","validation":null,"validationMessage":"","repeating":false,"titleCaption":"","fieldCaption":"","separate":""},"A7czIeGT9kso":{"index":"A7czIeGT9kso","template":"field","title":"","type":"input-text","alias":"masthead-search-placeholder","values":"","required":false,"requiredMessage":"","validation":"","validationMessage":"","repeating":false,"titleCaption":"","fieldCaption":"Placeholder text displayed in the search input. (optional)","separate":""},"D0KgX7x0wKhk":{"index":"D0KgX7x0wKhk","template":"container","type":"invisible","title":"Other","display_on_customization_page":false,"separate":"","priority":5},"resoEwLGmkKU":{"index":"resoEwLGmkKU","template":"field","title":"Smooth Scrolling","type":"select-type","alias":"smooth-scrolling","values":"=&gt;\r\nsmooth-chrome=&gt;Chrome Fix (for Chrome browser only)\r\ncustom-scrollbars=&gt;Custom Scrollbars (all browsers)\r\ncustom-scrollbars-no-ff=&gt;Custom Scrollbars (all except Firefox)\r\n","required":null,"requiredMessage":"","validation":null,"validationMessage":"","titleCaption":"","fieldCaption":"Fix choppy scrolling in Chrome browsers or apply styled scrollbars with smooth scrolling effect.","separate":"","repeating":false},"aax7PdBPFOSE":{"index":"aax7PdBPFOSE","template":"field","title":"Image Overlay Effect","type":"select-type","alias":"image-overlay-effect","values":"none=&gt;none\r\ncorner=&gt;Corner\r\ncorner-rotate=&gt;Rotating Corner\r\nslide=&gt;Slide Horizontal\r\naccent=&gt;Accent Color Overlay (no icon)\r\ndark=&gt;Dark Overlay (no icon)\r\nlight=&gt;Light Overlay (no icon)\r\nzoom=&gt;Image Zoom (no icon)\r\nzoom-accent=&gt;Image Zoom - Accent (no icon)\r\nzoom-dark=&gt;Image Zoom - Dark (no icon)\r\nzoom-light=&gt;Image Zoom - Light (no icon)\r\n","required":null,"requiredMessage":"","validation":null,"validationMessage":"","titleCaption":"","fieldCaption":"Include rotate effect on corner graphic during image hover?","separate":"","repeating":false},"tVszAcrw4w4x":{"index":"tVszAcrw4w4x","template":"field","title":"Show Breadcrumbs","type":"checkbox-bool-type","alias":"show-breadcrumbs","values":"","required":null,"requiredMessage":"","validation":null,"validationMessage":"","titleCaption":"","fieldCaption":"Show breadcrumbs.","separate":""},"DhkgwpCR7fdQ":{"index":"DhkgwpCR7fdQ","template":"field","title":"Back to Top Button","type":"checkbox-bool-type","alias":"back-to-top","values":"","required":null,"requiredMessage":"","validation":null,"validationMessage":"","repeating":false,"titleCaption":"","fieldCaption":"Show a button to scroll to the top of the page.","separate":""},"WuBf5z9ww1Uv":{"index":"WuBf5z9ww1Uv","template":"field","title":"404 Error Page","type":"select-type","alias":"error-content","values":"default=&gt;Default\r\n","required":null,"requiredMessage":"","titleCaption":"","fieldCaption":"Select a page as the source of your 404 page content.","validation":null,"separate":""},"nlxiP9WC4HB3":{"index":"nlxiP9WC4HB3","template":"tab","title":"Backgrounds","separate":""},"i2pArgyjB5hj":{"index":"i2pArgyjB5hj","template":"container","type":"invisible","title":"Masthead","display_on_customization_page":"true","separate":"","priority":6},"zJocvKqlzV0s":{"index":"zJocvKqlzV0s","template":"field","title":"Masthead Background","type":"colorpicker-type","alias":"masthead-background-color","values":"","required":false,"requiredMessage":"","titleCaption":"","fieldCaption":"Masthead background color (above navigation).","validation":null,"separate":""},"gzQ14txk9bgo":{"index":"gzQ14txk9bgo","template":"field","title":"","type":"fileupload-type","alias":"masthead-background-image","values":"","required":false,"requiredMessage":"","titleCaption":"","fieldCaption":"Masthead background image.","validation":null,"separate":""},"AnTdGIY8mYX5":{"index":"AnTdGIY8mYX5","template":"field","title":"","type":"select-type","alias":"masthead-background-repeat","values":"cover=&gt;Cover\r\ncontain=&gt;Contain\r\nno-repeat=&gt;No Repeat\r\nrepeat=&gt;Repeat\r\nrepeat-x=&gt;Repeat Horizontally\r\nrepeat-y=&gt;Repeat Vertically\r\n","required":null,"requiredMessage":"","titleCaption":"","fieldCaption":"Masthead background appearance.","validation":null,"separate":""},"kDw36MdlrOjM":{"index":"kDw36MdlrOjM","template":"field","title":"","type":"select-type","alias":"masthead-background-position","values":"left=&gt;Left\r\nright=&gt;Right\r\ncenter=&gt;Center\r\n","required":null,"requiredMessage":"","titleCaption":"","fieldCaption":"Masthead background position.","validation":null,"separate":""},"NxRJdLm9LvqG":{"index":"NxRJdLm9LvqG","template":"field","title":"Gradient Overlay","type":"select-type","alias":"masthead-gradient-top-opacity","values":"1=&gt;100\r\n.9=&gt;90\r\n.8=&gt;80\r\n.7=&gt;70\r\n.6=&gt;60\r\n.5=&gt;50\r\n.4=&gt;40\r\n.3=&gt;30\r\n.2=&gt;20\r\n.1=&gt;10\r\nzero=&gt;0\r\n","required":null,"requiredMessage":"","titleCaption":"","fieldCaption":"Top Gradient - Set the opacity of the gradient at the top of the masthead (vertical mastheads only).","validation":null,"separate":""},"xlx3ahwuUcH7":{"index":"xlx3ahwuUcH7","template":"field","title":"","type":"select-type","alias":"masthead-gradient-bottom-opacity","values":"1=&gt;100\r\n.9=&gt;90\r\n.8=&gt;80\r\n.7=&gt;70\r\n.6=&gt;60\r\n.5=&gt;50\r\n.4=&gt;40\r\n.3=&gt;30\r\n.2=&gt;20\r\n.1=&gt;10\r\nzero=&gt;0\r\n","required":null,"requiredMessage":"","titleCaption":"","fieldCaption":"Bottom Gradient - Opacity of the bottom widget area gradient background (vertical mastheads only).","validation":null,"separate":""},"Mi0cigukOgeD":{"index":"Mi0cigukOgeD","template":"container","type":"invisible","title":"Header","display_on_customization_page":"true","separate":"","priority":7},"ShYDnGT7EsXd":{"index":"ShYDnGT7EsXd","template":"field","title":"Header Background","type":"colorpicker-type","alias":"header-background-color","values":"","required":false,"requiredMessage":"","titleCaption":"","fieldCaption":"Header background color (below navigation)","validation":null,"separate":""},"XOjKpdSImoOI":{"index":"XOjKpdSImoOI","template":"field","title":"","type":"fileupload-type","alias":"header-background-image","values":"","required":false,"requiredMessage":"","titleCaption":"","fieldCaption":"Header background image.","validation":null,"separate":""},"7y8gchCQOt77":{"index":"7y8gchCQOt77","template":"field","title":"","type":"select-type","alias":"header-background-repeat","values":"no-repeat=&gt;No Repeat\r\nrepeat=&gt;Repeat\r\nrepeat-x=&gt;Repeat Horizontally\r\nrepeat-y=&gt;Repeat Vertically\r\n","required":null,"requiredMessage":"","titleCaption":"","fieldCaption":"Header background repeat.","validation":null,"separate":""},"2zfYNXnyVx1A":{"index":"2zfYNXnyVx1A","template":"field","title":"","type":"select-type","alias":"header-background-position","values":"left=&gt;Left\r\nright=&gt;Right\r\ncenter=&gt;Center\r\n","required":null,"requiredMessage":"","titleCaption":"","fieldCaption":"Header background position.","validation":null,"separate":""},"XrBNDbUCBDxE":{"index":"XrBNDbUCBDxE","template":"container","type":"invisible","title":"Body","display_on_customization_page":"true","separate":"","priority":8},"zDJm7GcbWwFO":{"index":"zDJm7GcbWwFO","template":"field","title":"Body Background","type":"colorpicker-type","alias":"background-color","values":"","required":false,"requiredMessage":"","titleCaption":"","fieldCaption":"Body background color. Use with boxed layout style.","validation":null,"separate":""},"aAMt8WrNj3ky":{"index":"aAMt8WrNj3ky","template":"field","title":"","type":"fileupload-type","alias":"background-image","values":"","required":false,"requiredMessage":"","titleCaption":"","fieldCaption":"Body background image.","validation":null,"separate":""},"zCPmpI4Kv3Qy":{"index":"zCPmpI4Kv3Qy","template":"field","title":"","type":"select-type","alias":"background-repeat","values":"no-repeat=&gt;No Repeat\r\nrepeat=&gt;Repeat\r\nrepeat-x=&gt;Repeat Horizontally\r\nrepeat-y=&gt;Repeat Vertically\r\n","required":null,"requiredMessage":"","titleCaption":"","fieldCaption":"Body background repeat.","validation":null,"separate":""},"SHGNesTGyW4e":{"index":"SHGNesTGyW4e","template":"field","title":"","type":"select-type","alias":"background-position","values":"cover=&gt;Full Screen (fixed)\r\ncover-only=&gt;Full Screen with Scroll\r\nleft=&gt;Left\r\nright=&gt;Right\r\ncenter=&gt;Center\r\n","required":null,"requiredMessage":"","titleCaption":"","fieldCaption":"Body background position.","validation":null,"separate":""},"OGaYNDPKi6B8":{"index":"OGaYNDPKi6B8","template":"container","type":"invisible","title":"Footer Top","display_on_customization_page":"true","separate":"","priority":9},"lAvpWg6KtWQb":{"index":"lAvpWg6KtWQb","template":"field","title":"Footer Top Background","type":"colorpicker-type","alias":"footer-top-background-color","values":"","required":false,"requiredMessage":"","titleCaption":"","fieldCaption":"Footer top background color.","validation":null,"separate":""},"VKzsPlAplQ9C":{"index":"VKzsPlAplQ9C","template":"field","title":"","type":"fileupload-type","alias":"footer-top-background-image","values":"","required":false,"requiredMessage":"","titleCaption":"","fieldCaption":"Footer top background image.","validation":null,"separate":""},"UASeuAP79JrP":{"index":"UASeuAP79JrP","template":"field","title":"","type":"select-type","alias":"footer-top-background-repeat","values":"no-repeat=&gt;No Repeat\r\nrepeat=&gt;Repeat\r\nrepeat-x=&gt;Repeat Horizontally\r\nrepeat-y=&gt;Repeat Vertically\r\n","required":null,"requiredMessage":"","titleCaption":"","fieldCaption":"Footer top background repeat.","validation":null,"separate":""},"vID6aB1LtCbd":{"index":"vID6aB1LtCbd","template":"field","title":"","type":"select-type","alias":"footer-top-background-position","values":"left=&gt;Left\r\nright=&gt;Right\r\ncenter=&gt;Center\r\n","required":null,"requiredMessage":"","titleCaption":"","fieldCaption":"Footer top background position.","validation":null,"separate":""},"LGgVyq7gqhQ3":{"index":"LGgVyq7gqhQ3","template":"container","type":"invisible","title":"Footer Bottom","display_on_customization_page":"true","separate":"","priority":10},"FeQeLRSNR8Ku":{"index":"FeQeLRSNR8Ku","template":"field","title":"Footer Bottom Background","type":"colorpicker-type","alias":"footer-bottom-background-color","values":"","required":false,"requiredMessage":"","titleCaption":"","fieldCaption":"Footer bottom background color.","validation":null,"separate":""},"t4Jkr46Qmv5n":{"index":"t4Jkr46Qmv5n","template":"field","title":"","type":"fileupload-type","alias":"footer-bottom-background-image","values":"","required":false,"requiredMessage":"","titleCaption":"","fieldCaption":"Footer bottom background image.","validation":null,"separate":""},"V9yzG3BbWlNb":{"index":"V9yzG3BbWlNb","template":"field","title":"","type":"select-type","alias":"footer-bottom-background-repeat","values":"no-repeat=&gt;No Repeat\r\nrepeat=&gt;Repeat\r\nrepeat-x=&gt;Repeat Horizontally\r\nrepeat-y=&gt;Repeat Vertically\r\n","required":null,"requiredMessage":"","titleCaption":"","fieldCaption":"Footer bottom background repeat","validation":null,"separate":""},"tuffuH8j8dUI":{"index":"tuffuH8j8dUI","template":"field","title":"","type":"select-type","alias":"footer-bottom-background-position","values":"left=&gt;Left\r\nright=&gt;Right\r\ncenter=&gt;Center\r\n","required":null,"requiredMessage":"","titleCaption":"","fieldCaption":"Footer bottom background position.","validation":null,"separate":""},"Jf1C1smIotKD":{"index":"Jf1C1smIotKD","template":"tab","title":"Fonts","separate":""},"cJIxAufO1o9U":{"index":"cJIxAufO1o9U","template":"container","type":"invisible","title":"Headings","display_on_customization_page":"true","separate":"","priority":11},"kAP7Tw9V6i32":{"index":"kAP7Tw9V6i32","template":"field","title":"Heading Font","type":"select-type","alias":"font-heading-standard","values":"default=&gt;\r\narial=&gt;Arial, Helvetica\r\narial-black=&gt;Arial Black\r\ncourier-new=&gt;Courier New\r\ngeorgia=&gt;Georgia\r\nlucida-console=&gt;Lucida Console\r\nlucida-sans-unicode=&gt;Lucida Sans Unicode\r\npalatino-linotype=&gt;Palatino Linotype\r\ntahoma=&gt;Tahoma, Geneva\r\ntimes-new-roman=&gt;Times New Roman\r\ntrebuchet-ms=&gt;Trebuchet MS, Arial, Helvetica\r\nverdana=&gt;Verdana, Geneva\r\n","required":null,"requiredMessage":"","titleCaption":"","fieldCaption":"Select a heading font.","validation":null,"separate":""},"AEyvVjpQevTw":{"index":"AEyvVjpQevTw","template":"field","title":"Google Heading Font","type":"input-text","alias":"font-heading-google","values":"","required":false,"requiredMessage":"","titleCaption":"","fieldCaption":"Enter the name of a Google Web font. This will override the default selection above.","separate":""},"wutxgBO9FOQG":{"index":"wutxgBO9FOQG","template":"field","title":"Heading Font Color","type":"colorpicker-type","alias":"font-heading-color","values":"","required":false,"requiredMessage":"","titleCaption":"","fieldCaption":"","validation":null,"separate":""},"wN6iyFCJvuRM":{"index":"wN6iyFCJvuRM","template":"field","title":"H1 - Font Size","type":"input-text","alias":"font-h1-size","values":"","required":false,"requiredMessage":"","validation":"","validationMessage":"","repeating":false,"titleCaption":"(optional)","fieldCaption":"Enter a value such as 36px or 2.5em. The size of the H1 heading text. ","separate":""},"zfznoYejrpPu":{"index":"zfznoYejrpPu","template":"field","title":"H2 - Font Size","type":"input-text","alias":"font-h2-size","values":"","required":false,"requiredMessage":"","validation":"","validationMessage":"","repeating":false,"titleCaption":"(optional)","fieldCaption":"Enter a value such as 32px or 2em. Sets the font size. ","separate":""},"JffbN4rYbfs6":{"index":"JffbN4rYbfs6","template":"field","title":"H3 - Font Size","type":"input-text","alias":"font-h3-size","values":"","required":false,"requiredMessage":"","validation":"","validationMessage":"","repeating":false,"titleCaption":"(optional)","fieldCaption":"Enter a value such as 28px or 1.75em. Sets the font size. ","separate":""},"SA9cKTBzLKtP":{"index":"SA9cKTBzLKtP","template":"field","title":"H4 - Font Size","type":"input-text","alias":"font-h4-size","values":"","required":false,"requiredMessage":"","validation":"","validationMessage":"","repeating":false,"titleCaption":"(optional)","fieldCaption":"Enter a value such as 24px or 1.5em. Sets the font size. ","separate":""},"U2l1rUvVIKEH":{"index":"U2l1rUvVIKEH","template":"field","title":"H5 - Font Size","type":"input-text","alias":"font-h5-size","values":"","required":false,"requiredMessage":"","validation":"","validationMessage":"","repeating":false,"titleCaption":"(optional)","fieldCaption":"Enter a value such as 20px or 1.25em. Sets the font size. ","separate":""},"TUIpgRdwsRCg":{"index":"TUIpgRdwsRCg","template":"field","title":"H6 - Font Size","type":"input-text","alias":"font-h6-size","values":"","required":false,"requiredMessage":"","validation":"","validationMessage":"","repeating":false,"titleCaption":"(optional)","fieldCaption":"Enter a value such as 16px or 1.2em. Sets the font size. ","separate":""},"EnXod9QlVuCr":{"index":"EnXod9QlVuCr","template":"container","type":"invisible","title":"Body","display_on_customization_page":"true","separate":"","priority":12},"AAeBJBg4kQL5":{"index":"AAeBJBg4kQL5","template":"field","title":"Body Font","type":"select-type","alias":"font-body-standard","values":"default=&gt;\r\narial=&gt;Arial, Helvetica\r\narial-black=&gt;Arial Black\r\ncourier-new=&gt;Courier New\r\ngeorgia=&gt;Georgia\r\nlucida-console=&gt;Lucida Console\r\nlucida-sans-unicode=&gt;Lucida Sans Unicode\r\npalatino-linotype=&gt;Palatino Linotype\r\ntahoma=&gt;Tahoma, Geneva\r\ntimes-new-roman=&gt;Times New Roman\r\ntrebuchet-ms=&gt;Trebuchet MS, Arial, Helvetica\r\nverdana=&gt;Verdana, Geneva\r\n","required":null,"requiredMessage":"","titleCaption":"","fieldCaption":"Select a body font.","validation":null,"separate":"","repeating":""},"T07wGlrztm1t":{"index":"T07wGlrztm1t","template":"field","title":"Google Body Font","type":"input-text","alias":"font-body-google","values":"","required":false,"requiredMessage":"","titleCaption":"","fieldCaption":"Enter the name of a Google Web font. This will override the default selection above.","separate":"","validation":"","validationMessage":"","repeating":""},"DvoKClLSdkph":{"index":"DvoKClLSdkph","template":"field","title":"Body Font Color","type":"colorpicker-type","alias":"font-body-color","values":"","required":false,"requiredMessage":"","titleCaption":"","fieldCaption":"","validation":null,"separate":"","repeating":""},"pP1awACHUqpn":{"index":"pP1awACHUqpn","template":"field","title":"Body Font Size","type":"input-text","alias":"font-body-size","values":"","required":false,"requiredMessage":"","validation":"","validationMessage":"","repeating":false,"titleCaption":"(optional)","fieldCaption":"Enter a value such as 14px. Sets the main body font size.","separate":""},"NWsKgLcfAUTA":{"index":"NWsKgLcfAUTA","template":"container","type":"invisible","title":"Main Menu","display_on_customization_page":"true","separate":"","priority":13},"OedTms2VNeX3":{"index":"OedTms2VNeX3","template":"field","title":"Menu Font","type":"select-type","alias":"font-menu-standard","values":"default=&gt;\r\narial=&gt;Arial, Helvetica\r\narial-black=&gt;Arial Black\r\ncourier-new=&gt;Courier New\r\ngeorgia=&gt;Georgia\r\nlucida-console=&gt;Lucida Console\r\nlucida-sans-unicode=&gt;Lucida Sans Unicode\r\npalatino-linotype=&gt;Palatino Linotype\r\ntahoma=&gt;Tahoma, Geneva\r\ntimes-new-roman=&gt;Times New Roman\r\ntrebuchet-ms=&gt;Trebuchet MS, Arial, Helvetica\r\nverdana=&gt;Verdana, Geneva\r\n","required":null,"requiredMessage":"","validation":null,"validationMessage":"","repeating":false,"titleCaption":"","fieldCaption":"Select a menu font.","separate":""},"TMlYs6xzxHmR":{"index":"TMlYs6xzxHmR","template":"field","title":"Google Menu Font","type":"input-text","alias":"font-menu-google","values":"","required":false,"requiredMessage":"","validation":"","validationMessage":"","repeating":false,"titleCaption":"","fieldCaption":"Enter the name of a Google Web font. This will override the default selection above.","separate":""},"ZDVCLCgeiKEx":{"index":"ZDVCLCgeiKEx","template":"field","title":"Menu Font Size","type":"input-text","alias":"font-menu-size","values":"","required":false,"requiredMessage":"","validation":"","validationMessage":"","repeating":false,"titleCaption":"(optional)","fieldCaption":"Enter a value such as &#039;14px&#039;. Sets the font size for the main menu.","separate":""},"IdSJe1EoIzRa":{"index":"IdSJe1EoIzRa","template":"field","title":"Menu Text Color","type":"colorpicker-type","alias":"menu-font-color","values":"","required":false,"requiredMessage":"","titleCaption":"","fieldCaption":"","validation":null,"separate":""},"Lmtcf3nMHqnI":{"index":"Lmtcf3nMHqnI","template":"field","title":"Active Item Text Color","type":"colorpicker-type","alias":"menu-active-color","values":"","required":false,"requiredMessage":"","titleCaption":"","fieldCaption":"","validation":null,"separate":""},"iRYzdXvArNQQ":{"index":"iRYzdXvArNQQ","template":"tab","title":"Custom CSS","separate":""},"grnVpxP5AiS2":{"index":"grnVpxP5AiS2","template":"container","type":"invisible","title":"Add Custom Styles to the Theme","display_on_customization_page":false,"separate":"","priority":14},"Zs878GBRMp6N":{"index":"Zs878GBRMp6N","template":"field","title":"Custom CSS","type":"textarea-type","alias":"custom-styles","values":"","required":false,"requiredMessage":"","titleCaption":"","fieldCaption":"The custom CSS entered here will be added to the theme.","validation":"","validationMessage":"","cssClass":"custom-css-input","separate":"none"},"nXLDr9yD1Hxr":{"index":"nXLDr9yD1Hxr","template":"tab","title":"Custom JavaScript","separate":""},"VwdF9OR64AHP":{"index":"VwdF9OR64AHP","template":"container","type":"invisible","title":"Add Custom JavaScript to the Theme","display_on_customization_page":false,"separate":"","priority":15},"PYhkjC1HCuVo":{"index":"PYhkjC1HCuVo","template":"field","title":"Custom JavaScript","type":"textarea-type","alias":"custom-js","values":"","required":false,"requiredMessage":"","titleCaption":"","fieldCaption":"The custom JavaScript entered here will be added to the theme.","validation":"","validationMessage":"","cssClass":"custom-js-input","separate":"none"}}}