{"settings":{"headers":"true","footers":"true","other-options":"true","grid-structure":"custom","design-width":"1200","columns":"12","margins":"50","row-class":"row-fluid","column-class-format":"span#","min-column-size":"2","content-source-pages":"true","content-source-sidebars":"true","content-source-static_block":"true"},"headers-options":{"settings":{"page_id":1374630360,"title":"New Form","alias":"headers","adminMenuTopItem":"current-theme","showPageTitle":true,"access":"edit_theme_options","pageDescription":"","icon":""},"sortOrder":{"qTPMBcGhQjYs":{"none":"none","rBsd3r8AEieg":{"none":"none","8y5sDQ3cYFGj":"8y5sDQ3cYFGj","ogUEhMiWPU3v":"ogUEhMiWPU3v"},"h79teaySBvUM":{"none":"none","rB3e6OpoIhbe":"rB3e6OpoIhbe","N2ELAeSJbvSe":"N2ELAeSJbvSe","P3tx8LtTEWpe":"P3tx8LtTEWpe","IuoxYHRewmFy":"IuoxYHRewmFy","wrrXCPT4c1eU":"wrrXCPT4c1eU","P9yelROCTPtU":"P9yelROCTPtU","YnIOW0xUsMfE":"YnIOW0xUsMfE","XneAYnL5jWbp":"XneAYnL5jWbp","7GXIIKSDBOyP":"7GXIIKSDBOyP"},"toFXuCafnfWS":{"none":"none","wMgvydokZDtS":"wMgvydokZDtS","jBkukVeGQl3K":"jBkukVeGQl3K","1pYYcFWTo6JV":"1pYYcFWTo6JV"},"o3R9EFBpQmLT":{"none":"none","SHcEjJbRNyWa":"SHcEjJbRNyWa","dtXjeMkgW5Rq":"dtXjeMkgW5Rq","AtYywxlMsWmX":"AtYywxlMsWmX","QUq313ho0S69":"QUq313ho0S69"},"1WjSv5kmVJ0G":{"none":"none","YDQw5GPMx4Q3":"YDQw5GPMx4Q3"}}},"elements":{"none":"none","qTPMBcGhQjYs":{"index":"qTPMBcGhQjYs","template":"tab","title":"Default tab","separate":""},"rBsd3r8AEieg":{"index":"rBsd3r8AEieg","template":"container","type":"invisible","title":"Content","display_on_customization_page":false,"separate":"","priority":1},"8y5sDQ3cYFGj":{"index":"8y5sDQ3cYFGj","template":"field","title":"Content Source 1","type":"select-type","alias":"header-content","values":"default=>Default\r\n","required":null,"requiredMessage":"","titleCaption":"","fieldCaption":"Select a source for the primary header content.","validation":null,"separate":""},"ogUEhMiWPU3v":{"index":"ogUEhMiWPU3v","template":"field","title":"Content Source 2","type":"select-type","alias":"header-content-2","values":"default=>Default\r\n","required":null,"requiredMessage":"","titleCaption":"","fieldCaption":"Select a source for the secondary header content.","validation":null,"separate":""},"h79teaySBvUM":{"index":"h79teaySBvUM","template":"container","type":"invisible","title":"Masthead Area","display_on_customization_page":false,"separate":"","priority":2},"rB3e6OpoIhbe":{"index":"rB3e6OpoIhbe","template":"field","title":"Alternate Logo","type":"fileupload-type","alias":"header-alternate-logo","values":"","required":false,"requiredMessage":"","titleCaption":"","fieldCaption":"Override default logo.","validation":null,"separate":""},"N2ELAeSJbvSe":{"index":"N2ELAeSJbvSe","template":"field","title":"Image Width","type":"input-text","alias":"header-alternate-logo-width","values":"","required":false,"requiredMessage":"","validation":"num_only","validationMessage":"","repeating":false,"titleCaption":"","fieldCaption":"Optionally specify the image width. Set to half the actual image size for Hi-DPI devices.","separate":""},"P3tx8LtTEWpe":{"index":"P3tx8LtTEWpe","template":"field","title":"Masthead Background","type":"colorpicker-type","alias":"masthead-background-color","values":"","required":false,"requiredMessage":"","titleCaption":"","fieldCaption":"Background color of masthead (above the menu).","validation":null,"separate":""},"IuoxYHRewmFy":{"index":"IuoxYHRewmFy","template":"field","title":"","type":"fileupload-type","alias":"masthead-background-image","values":"","required":false,"requiredMessage":"","titleCaption":"","fieldCaption":"Masthead background image. To override default setting with no image enter the text \"none\".","validation":null,"separate":""},"wrrXCPT4c1eU":{"index":"wrrXCPT4c1eU","template":"field","title":"","type":"select-type","alias":"masthead-background-repeat","values":"cover=>Cover\r\ncontain=>Contain\r\nno-repeat=>No Repeat\r\nrepeat=>Repeat\r\nrepeat-x=>Repeat Horizontally\r\nrepeat-y=>Repeat Vertically\r\n","required":null,"requiredMessage":"","titleCaption":"","fieldCaption":"Masthead background appearance.","validation":null,"separate":""},"P9yelROCTPtU":{"index":"P9yelROCTPtU","template":"field","title":"","type":"select-type","alias":"masthead-background-position","values":"left=>Left\r\nright=>Right\r\ncenter=>Centered\r\n","required":null,"requiredMessage":"","titleCaption":"","fieldCaption":"Masthead background position.","validation":null,"separate":""},"YnIOW0xUsMfE":{"index":"YnIOW0xUsMfE","template":"field","title":"Masthead Gradient Overlay","type":"select-type","alias":"masthead-gradient-top-opacity","values":"=>\r\n1=>100\r\n.9=>90\r\n.8=>80\r\n.7=>70\r\n.6=>60\r\n.5=>50\r\n.4=>40\r\n.3=>30\r\n.2=>20\r\n.1=>10\r\nzero=>0\r\n","required":null,"requiredMessage":"","validation":null,"validationMessage":"","titleCaption":"","fieldCaption":"Top Gradient - Opacity of the gradient at the masthead top (vertical mastheads only).","separate":""},"XneAYnL5jWbp":{"index":"XneAYnL5jWbp","template":"field","title":"","type":"select-type","alias":"masthead-gradient-bottom-opacity","values":"=>\r\n1=>100\r\n.9=>90\r\n.8=>80\r\n.7=>70\r\n.6=>60\r\n.5=>50\r\n.4=>40\r\n.3=>30\r\n.2=>20\r\n.1=>10\r\nzero=>0\r\n","required":null,"requiredMessage":"","validation":null,"validationMessage":"","titleCaption":"","fieldCaption":"Bottom Gradient - Opacity of the gradient at the masthead top (vertical mastheads only).","separate":""},"7GXIIKSDBOyP":{"index":"7GXIIKSDBOyP","template":"field","title":"Vertical Masthead Size","type":"select-type","alias":"masthead-size","values":"=>\r\nv-masthead-small=>Small\r\nv-masthead-medium=>Medium\r\nv-masthead-large=>Large\r\n","required":null,"requiredMessage":"","validation":null,"validationMessage":"","repeating":false,"titleCaption":"","fieldCaption":"Only applies to layout styles with masthead left or right.","separate":""},"toFXuCafnfWS":{"index":"toFXuCafnfWS","template":"container","type":"invisible","title":"Main Menu","display_on_customization_page":false,"separate":"","priority":3},"wMgvydokZDtS":{"index":"wMgvydokZDtS","template":"field","title":"Navigation Menu","type":"select-type","alias":"wp-menus","values":"''=>''\r\n","required":null,"requiredMessage":"","validation":null,"validationMessage":"","repeating":false,"titleCaption":"","fieldCaption":"Optional. Choose an alternate navigation menu.","separate":""},"jBkukVeGQl3K":{"index":"jBkukVeGQl3K","template":"field","title":"Menu Text Color","type":"colorpicker-type","alias":"menu-font-color","values":"","required":false,"requiredMessage":"","titleCaption":"","fieldCaption":"","validation":null,"separate":""},"1pYYcFWTo6JV":{"index":"1pYYcFWTo6JV","template":"field","title":"Active Item Text Color","type":"colorpicker-type","alias":"menu-active-color","values":"","required":false,"requiredMessage":"","titleCaption":"","fieldCaption":"","validation":null,"separate":""},"o3R9EFBpQmLT":{"index":"o3R9EFBpQmLT","template":"container","type":"invisible","title":"Header Area","display_on_customization_page":false,"separate":"","priority":4},"SHcEjJbRNyWa":{"index":"SHcEjJbRNyWa","template":"field","title":"Header Background","type":"colorpicker-type","alias":"header-background-color","values":"","required":false,"requiredMessage":"","titleCaption":"","fieldCaption":"Background color of header (below the menu).","validation":null,"separate":""},"dtXjeMkgW5Rq":{"index":"dtXjeMkgW5Rq","template":"field","title":"","type":"fileupload-type","alias":"header-background-image","values":"","required":false,"requiredMessage":"","titleCaption":"","fieldCaption":"Header background image.","validation":null,"separate":""},"AtYywxlMsWmX":{"index":"AtYywxlMsWmX","template":"field","title":"","type":"select-type","alias":"header-background-repeat","values":"no-repeat=>No Repeat\r\nrepeat=>Repeat\r\nrepeat-x=>Repeat Horizontally\r\nrepeat-y=>Repeat Vertically\r\n","required":null,"requiredMessage":"","titleCaption":"","fieldCaption":"Header background repeat.","validation":null,"separate":""},"QUq313ho0S69":{"index":"QUq313ho0S69","template":"field","title":"","type":"select-type","alias":"header-background-position","values":"left=>Left\r\nright=>Right\r\ncenter=>Centered\r\n","required":null,"requiredMessage":"","titleCaption":"","fieldCaption":"Header background position.","validation":null,"separate":""},"1WjSv5kmVJ0G":{"index":"1WjSv5kmVJ0G","template":"container","type":"invisible","title":"Breadcrumbs","display_on_customization_page":false,"separate":"","priority":5},"YDQw5GPMx4Q3":{"index":"YDQw5GPMx4Q3","template":"field","title":"Show the breadcrumbs","type":"select-type","alias":"header-breadcrumbs","values":"=>\r\ntrue=>Yes\r\nfalse=>No\r\n","required":null,"requiredMessage":"","validation":null,"validationMessage":"","titleCaption":"","fieldCaption":"","separate":""}}},"headers":{"default":{"title":"Default","alias":"default","custom_options":{"_framework":{"field_types":{"header-content":"select-type","header-content-2":"select-type","header-alternate-logo":"fileupload-type","header-alternate-logo-width":"input-text","masthead-background-color":"colorpicker-type","masthead-background-image":"fileupload-type","masthead-background-repeat":"select-type","masthead-background-position":"select-type","masthead-gradient-top-opacity":"select-type","masthead-gradient-bottom-opacity":"select-type","masthead-size":"select-type","wp-menus":"select-type","menu-font-color":"colorpicker-type","menu-active-color":"colorpicker-type","header-background-color":"colorpicker-type","header-background-image":"fileupload-type","header-background-repeat":"select-type","header-background-position":"select-type","header-breadcrumbs":"select-type"},"header-content":"default@default","header-content-2":"default@default","header-alternate-logo":"","header-alternate-logo-width":"","masthead-background-color":"#","masthead-background-image":"","masthead-background-repeat":"no-repeat","masthead-background-position":"left","masthead-gradient-top-opacity":"","masthead-gradient-bottom-opacity":"","masthead-size":"","wp-menus":"","menu-font-color":"#","menu-active-color":"#","header-background-color":"#","header-background-image":"","header-background-repeat":"no-repeat","header-background-position":"left","header-breadcrumbs":"","index":"layout_header_default","ancestor_key":"","version_key":"","import_key":""},"_framework_saved":[],"_other":[],"_default":[]}},"home-page":{"title":"Home Page (slideshow header)","alias":"home-page","custom_options":{"_framework":{"field_types":{"header-content":"select-type","header-content-2":"select-type","header-alternate-logo":"fileupload-type","header-alternate-logo-width":"input-text","masthead-background-color":"colorpicker-type","masthead-background-image":"fileupload-type","masthead-background-repeat":"select-type","masthead-background-position":"select-type","masthead-gradient-top-opacity":"select-type","masthead-gradient-bottom-opacity":"select-type","masthead-size":"select-type","wp-menus":"select-type","menu-font-color":"colorpicker-type","menu-active-color":"colorpicker-type","header-background-color":"colorpicker-type","header-background-image":"fileupload-type","header-background-repeat":"select-type","header-background-position":"select-type","header-breadcrumbs":"select-type"},"header-content":"slide-show@RevSlider:business","header-content-2":"default@default","header-alternate-logo":"","header-alternate-logo-width":"","masthead-background-color":"#","masthead-background-image":"","masthead-background-repeat":"cover","masthead-background-position":"left","masthead-gradient-top-opacity":"","masthead-gradient-bottom-opacity":"","masthead-size":"","wp-menus":"","menu-font-color":"#","menu-active-color":"#","header-background-color":"#","header-background-image":"","header-background-repeat":"no-repeat","header-background-position":"left","header-breadcrumbs":"","index":"layout_header_home-page","ancestor_key":"","version_key":"","import_key":""},"_framework_saved":[],"_other":[],"_default":[]}}},"footers":{"default":{"title":"Default (static block)","alias":"default","custom_options":{"_framework":{"field_types":{"footer-top-content":"select-type","footer-bottom-content":"select-type","footer-top-background-color":"colorpicker-type","footer-top-background-image":"fileupload-type","footer-top-background-repeat":"select-type","footer-top-background-position":"select-type","footer-bottom-background-color":"colorpicker-type","footer-bottom-background-image":"fileupload-type","footer-bottom-background-repeat":"select-type","footer-bottom-background-position":"select-type"},"footer-top-content":"static-block@2960","footer-bottom-content":"static-block@447","footer-top-background-color":"#","footer-top-background-image":"","footer-top-background-repeat":"no-repeat","footer-top-background-position":"left","footer-bottom-background-color":"#","footer-bottom-background-image":"","footer-bottom-background-repeat":"no-repeat","footer-bottom-background-position":"left","index":"layout_footer_default","ancestor_key":"","version_key":"","import_key":""},"_framework_saved":[],"_other":[],"_default":[]}},"minimal":{"title":"Minimal (static block)","alias":"minimal","custom_options":{"_framework":{"field_types":{"footer-top-content":"select-type","footer-bottom-content":"select-type","footer-top-background-color":"colorpicker-type","footer-top-background-image":"fileupload-type","footer-top-background-repeat":"select-type","footer-top-background-position":"select-type","footer-bottom-background-color":"colorpicker-type","footer-bottom-background-image":"fileupload-type","footer-bottom-background-repeat":"select-type","footer-bottom-background-position":"select-type"},"footer-top-content":"@","footer-bottom-content":"static-block@447","footer-top-background-color":"#","footer-top-background-image":"","footer-top-background-repeat":"no-repeat","footer-top-background-position":"left","footer-bottom-background-color":"#","footer-bottom-background-image":"","footer-bottom-background-repeat":"no-repeat","footer-bottom-background-position":"left","index":"layout_footer_minimal","ancestor_key":"","version_key":"","import_key":""},"_framework_saved":[],"_other":[],"_default":[]}},"widgets-footer-top-and-bottom-sidebar":{"title":"Widgets (footer sidebar)","alias":"widgets-footer-top-and-bottom-sidebar","custom_options":{"_framework":{"field_types":{"footer-top-content":"select-type","footer-bottom-content":"select-type","footer-top-background-color":"colorpicker-type","footer-top-background-image":"fileupload-type","footer-top-background-repeat":"select-type","footer-top-background-position":"select-type","footer-bottom-background-color":"colorpicker-type","footer-bottom-background-image":"fileupload-type","footer-bottom-background-repeat":"select-type","footer-bottom-background-position":"select-type"},"footer-top-content":"sidebar@sidebar-footer-top","footer-bottom-content":"sidebar@sidebar-footer-bottom","footer-top-background-color":"#","footer-top-background-image":"","footer-top-background-repeat":"no-repeat","footer-top-background-position":"left","footer-bottom-background-color":"#","footer-bottom-background-image":"","footer-bottom-background-repeat":"no-repeat","footer-bottom-background-position":"left","index":"layout_footer_widgets-footer-top-and-bottom-sidebar","ancestor_key":"","version_key":"","import_key":""},"_framework_saved":[],"_other":[],"_default":[]}},"blank-no-footer":{"title":"Blank (no footer)","alias":"blank-no-footer","custom_options":{"_framework":{"field_types":{"footer-top-content":"select-type","footer-bottom-content":"select-type","footer-top-background-color":"colorpicker-type","footer-top-background-image":"fileupload-type","footer-top-background-repeat":"select-type","footer-top-background-position":"select-type","footer-bottom-background-color":"colorpicker-type","footer-bottom-background-image":"fileupload-type","footer-bottom-background-repeat":"select-type","footer-bottom-background-position":"select-type"},"footer-top-content":"@","footer-bottom-content":"@","footer-top-background-color":"#","footer-top-background-image":"","footer-top-background-repeat":"no-repeat","footer-top-background-position":"left","footer-bottom-background-color":"#","footer-bottom-background-image":"","footer-bottom-background-repeat":"no-repeat","footer-bottom-background-position":"left","index":"layout_footer_blank-no-footer","ancestor_key":"","version_key":"","import_key":""},"_framework_saved":[],"_other":[],"_default":[]}}},"layouts":{"layout-1374641902":{"action":"save_layout","title":"Default","alias":"layout-1374641902","header":"default","footer":"default","body_structure":{"row_0":{"column_0":{"content_elements":{"element-0":{"content_type":"default_content","content_source":"","content_override":"false","content_label":""}},"grid_position":"9"},"column_1":{"content_elements":{"element-0":{"content_type":"sidebar","content_source":"sidebar-default","content_override":"false","content_label":""}},"visible_on":["desktop","tablet","phone"],"grid_position":"12"}}}},"layout-1395245029":{"action":"save_layout","title":"Home Page","alias":"layout-1395245029","header":"home-page","footer":"default","body_structure":{"row_0":{"column_0":{"content_elements":{"element-0":{"content_type":"default_content","content_source":"","content_override":"false","content_label":""}},"grid_position":"12"}}}},"layout-1395245115":{"action":"save_layout","title":"Full Width","alias":"layout-1395245115","header":"default","footer":"default","body_structure":{"row_0":{"column_0":{"content_elements":{"element-0":{"content_type":"default_content","content_source":"","content_override":"false","content_label":""}},"grid_position":"12"}}}},"layout-1395263262":{"action":"save_layout","title":"Page (sidebar - right)","alias":"layout-1395263262","header":"default","footer":"default","body_structure":{"row_0":{"column_0":{"content_elements":{"element-0":{"content_type":"default_content","content_source":"","content_override":"false","content_label":""}},"grid_position":"9"},"column_1":{"content_elements":{"element-0":{"content_type":"sidebar","content_source":"generated_sidebar-page","content_override":"false","content_label":""}},"visible_on":["desktop","tablet","phone"],"grid_position":"12"}}}},"layout-1395264838":{"action":"save_layout","title":"Blog (sidebar - right)","alias":"layout-1395264838","header":"default","footer":"default","body_structure":{"row_0":{"column_0":{"content_elements":{"element-0":{"content_type":"default_content","content_source":"","content_override":"false","content_label":""}},"grid_position":"9"},"column_1":{"content_elements":{"element-0":{"content_type":"sidebar","content_source":"generated_sidebar-blog","content_override":"false","content_label":""}},"visible_on":["desktop","tablet","phone"],"grid_position":"12"}}}},"layout-1395265254":{"action":"save_layout","title":"Single Post (sidebar - right)","alias":"layout-1395265254","header":"default","footer":"default","body_structure":{"row_0":{"column_0":{"content_elements":{"element-0":{"content_type":"default_content","content_source":"","content_override":"false","content_label":""}},"grid_position":"9"},"column_1":{"content_elements":{"element-0":{"content_type":"sidebar","content_source":"generated_sidebar-single-post","content_override":"false","content_label":""}},"visible_on":["desktop","tablet","phone"],"grid_position":"12"}}}},"layout-1395265338":{"action":"save_layout","title":"Portfolio (sidebar - right)","alias":"layout-1395265338","header":"default","footer":"default","body_structure":{"row_0":{"column_0":{"content_elements":{"element-0":{"content_type":"default_content","content_source":"","content_override":"false","content_label":""}},"grid_position":"9"},"column_1":{"content_elements":{"element-0":{"content_type":"sidebar","content_source":"generated_sidebar-portfolio","content_override":"false","content_label":""}},"visible_on":["desktop","tablet","phone"],"grid_position":"12"}}}}},"footers-options":{"settings":{"page_id":1374641297,"title":"New Form","alias":"footers","adminMenuTopItem":"current-theme","showPageTitle":true,"access":"edit_theme_options","pageDescription":"","icon":""},"sortOrder":{"NFew5kdDArx7":{"none":"none","eAW8kxh23CQR":{"none":"none","fHXPXONDQMxE":"fHXPXONDQMxE","1htPSGbuGtmx":"1htPSGbuGtmx"},"mEkA6eLOKRFt":{"none":"none","dKk54DBB4KEJ":"dKk54DBB4KEJ","U9JoD52q6oUC":"U9JoD52q6oUC","g3CMYABrB6xg":"g3CMYABrB6xg","d1LYoARuhvMV":"d1LYoARuhvMV","p4tCFKh87KMM":"p4tCFKh87KMM","5LyiBU2GEH5S":"5LyiBU2GEH5S","FUhbsK4VQTZk":"FUhbsK4VQTZk","OwaWnMrn8Smk":"OwaWnMrn8Smk"}}},"elements":{"none":"none","NFew5kdDArx7":{"index":"NFew5kdDArx7","template":"tab","title":"Default tab","separate":""},"eAW8kxh23CQR":{"index":"eAW8kxh23CQR","template":"container","type":"invisible","title":"Content","display_on_customization_page":false,"separate":""},"fHXPXONDQMxE":{"index":"fHXPXONDQMxE","template":"field","title":"Footer Top Content","type":"select-type","alias":"footer-top-content","values":"default=>Default\r\n","required":null,"requiredMessage":"","titleCaption":"","fieldCaption":"Select a source for the top footer content.","validation":null,"separate":""},"1htPSGbuGtmx":{"index":"1htPSGbuGtmx","template":"field","title":"Footer Bottom Content","type":"select-type","alias":"footer-bottom-content","values":"default=>Default\r\n","required":null,"requiredMessage":"","titleCaption":"","fieldCaption":"Select a source for the bottom footer content.","validation":null,"separate":""},"mEkA6eLOKRFt":{"index":"mEkA6eLOKRFt","template":"container","type":"invisible","title":"Backgrounds","display_on_customization_page":false,"separate":""},"dKk54DBB4KEJ":{"index":"dKk54DBB4KEJ","template":"field","title":"Footer Top Background","type":"colorpicker-type","alias":"footer-top-background-color","values":"","required":false,"requiredMessage":"","titleCaption":"","fieldCaption":"Footer top background color.","validation":null,"separate":""},"U9JoD52q6oUC":{"index":"U9JoD52q6oUC","template":"field","title":"","type":"fileupload-type","alias":"footer-top-background-image","values":"","required":false,"requiredMessage":"","titleCaption":"","fieldCaption":"Footer top background image.","validation":null,"separate":""},"g3CMYABrB6xg":{"index":"g3CMYABrB6xg","template":"field","title":"","type":"select-type","alias":"footer-top-background-repeat","values":"no-repeat=>No Repeat\r\nrepeat=>Repeat\r\nrepeat-x=>Repeat Horizontally\r\nrepeat-y=>Repeat Vertically\r\n","required":null,"requiredMessage":"","titleCaption":"","fieldCaption":"Footer top background repeat.","validation":null,"separate":""},"d1LYoARuhvMV":{"index":"d1LYoARuhvMV","template":"field","title":"","type":"select-type","alias":"footer-top-background-position","values":"left=>Left\r\nright=>Right\r\ncenter=>Center\r\n","required":null,"requiredMessage":"","titleCaption":"","fieldCaption":"Footer top background position.","validation":null,"separate":""},"p4tCFKh87KMM":{"index":"p4tCFKh87KMM","template":"field","title":"Footer Bottom Background","type":"colorpicker-type","alias":"footer-bottom-background-color","values":"","required":false,"requiredMessage":"","titleCaption":"","fieldCaption":"Footer bottom background color.","validation":null,"separate":""},"5LyiBU2GEH5S":{"index":"5LyiBU2GEH5S","template":"field","title":"","type":"fileupload-type","alias":"footer-bottom-background-image","values":"","required":false,"requiredMessage":"","titleCaption":"","fieldCaption":"Footer bottom background image.","validation":null,"separate":""},"FUhbsK4VQTZk":{"index":"FUhbsK4VQTZk","template":"field","title":"","type":"select-type","alias":"footer-bottom-background-repeat","values":"no-repeat=>No Repeat\r\nrepeat=>Repeat\r\nrepeat-x=>Repeat Horizontally\r\nrepeat-y=>Repeat Vertically\r\n","required":null,"requiredMessage":"","titleCaption":"","fieldCaption":"Footer bottom background repeat.","validation":null,"separate":""},"OwaWnMrn8Smk":{"index":"OwaWnMrn8Smk","template":"field","title":"","type":"select-type","alias":"footer-bottom-background-position","values":"left=>Left\r\nright=>Right\r\ncenter=>Center\r\nfull-screen=>Full Screen\r\n","required":null,"requiredMessage":"","titleCaption":"","fieldCaption":"Footer bottom background position.","validation":null,"separate":""}}},"contexts":{"default":"layout-1374641902","home":"layout-1395245029","page":"layout-1395245115","post":"layout-1395245115","blog":"layout-1395245115","search":"layout-1374641902","error":"layout-1374641902","category-1":"","portfolio":"layout-1395265338"},"other-options":{"settings":{"page_id":1375312106,"title":"New Form","alias":"other_options","adminMenuTopItem":"current-theme","showPageTitle":true,"access":"edit_theme_options","pageDescription":"","icon":""},"sortOrder":{"ExYBFXhzx2yn":{"none":"none","f0eStFrjiMna":{"none":"none","Gg3xYOOb1N7b":"Gg3xYOOb1N7b","wFCG15Jhm49E":"wFCG15Jhm49E","z5OaQy3O3ZRo":"z5OaQy3O3ZRo","6fsEUFocXQND":"6fsEUFocXQND","er6eV13Rr0vE":"er6eV13Rr0vE"},"RwseiaOq6gPg":{"none":"none","cK32Y7S8cCtN":"cK32Y7S8cCtN","uAGM4yZzbKGC":"uAGM4yZzbKGC","wY31nHaA17CD":"wY31nHaA17CD","GUwDOnTdmWcN":"GUwDOnTdmWcN"},"lnuts5X1MM7F":{"none":"none","OBHtQlfD8NlX":"OBHtQlfD8NlX","65YoGNFBHBSX":"65YoGNFBHBSX"}}},"elements":{"none":"none","ExYBFXhzx2yn":{"index":"ExYBFXhzx2yn","template":"tab","title":"New Tab","separate":""},"f0eStFrjiMna":{"index":"f0eStFrjiMna","template":"container","type":"invisible","title":"Design Settings","display_on_customization_page":false,"separate":"","priority":1},"Gg3xYOOb1N7b":{"index":"Gg3xYOOb1N7b","template":"field","title":"Layout Style","type":"select-type","alias":"layout-style","values":"=>\r\nfull-width-left=>Full Width - Left Header\r\nfull-width-right=>Full Width - Right Header\r\nfull-width=>Full Width - Top Header\r\nboxed-left=>Boxed - Left Header\r\nboxed-right=>Boxed - Right Header\r\nboxed=>Boxed - Top Header\r\n","required":null,"requiredMessage":"","titleCaption":"","fieldCaption":"Optionally override the layout style.","validation":null,"separate":""},"wFCG15Jhm49E":{"index":"wFCG15Jhm49E","template":"field","title":"Skin CSS","type":"select-type","alias":"skin","values":"style-skin-1.css=>Skin 1\r\nstyle-skin-2.css=>Skin 2\r\nstyle-skin-3.css=>Skin 3\r\n","required":null,"requiredMessage":"","titleCaption":"","fieldCaption":"Optionally set a custom skin.","validation":null,"separate":""},"z5OaQy3O3ZRo":{"index":"z5OaQy3O3ZRo","template":"field","title":"Design Width","type":"input-text","alias":"design-width","separate":"","values":"","required":false,"requiredMessage":"","validation":"","validationMessage":"","titleCaption":"","fieldCaption":"Override design width or leave blank.<br>Use 'px' or '%'"},"6fsEUFocXQND":{"index":"6fsEUFocXQND","template":"field","title":"Content Position","type":"select-type","alias":"content-position","values":"=>\r\ncenter=>Center\r\nleft=>Left\r\nright=>Right\r\n","required":null,"requiredMessage":"","validation":null,"validationMessage":"","titleCaption":"","fieldCaption":"Override the design container's horizontal position.","separate":""},"er6eV13Rr0vE":{"index":"er6eV13Rr0vE","template":"field","title":"Accent Color","type":"colorpicker-type","alias":"accent-color-1","values":"","required":false,"requiredMessage":"","validation":null,"validationMessage":"","titleCaption":"","fieldCaption":"Optionally override the primary accent color.","separate":""},"RwseiaOq6gPg":{"index":"RwseiaOq6gPg","template":"container","type":"invisible","title":"Body Background","display_on_customization_page":false,"separate":"","priority":2},"cK32Y7S8cCtN":{"index":"cK32Y7S8cCtN","template":"field","title":"","type":"colorpicker-type","alias":"background-color","values":"","required":false,"requiredMessage":"","validation":null,"validationMessage":"","titleCaption":"","fieldCaption":"","separate":""},"uAGM4yZzbKGC":{"index":"uAGM4yZzbKGC","template":"field","title":"","type":"fileupload-type","alias":"background-image","values":"","required":false,"requiredMessage":"","validation":null,"validationMessage":"","titleCaption":"","fieldCaption":"Use 'none' to clear the default.","separate":""},"wY31nHaA17CD":{"index":"wY31nHaA17CD","template":"field","title":"","type":"select-type","alias":"background-repeat","values":"=>- Repeating -\r\nno-repeat=>No Repeat\r\nrepeat=>Repeat\r\nrepeat-x=>Repeat Horizontally\r\nrepeat-y=>Repeat Vertically\r\n","required":null,"requiredMessage":"","validation":null,"validationMessage":"","titleCaption":"","fieldCaption":"","separate":""},"GUwDOnTdmWcN":{"index":"GUwDOnTdmWcN","template":"field","title":"","type":"select-type","alias":"background-position","values":"=>- Image Position -\r\ncover=>Full Screen (fixed)\r\ncover-only=>Full Screen with Scroll\r\nleft=>Left\r\nright=>Right\r\ncenter=>Center\r\n","required":null,"requiredMessage":"","validation":null,"validationMessage":"","titleCaption":"","fieldCaption":"","separate":""},"lnuts5X1MM7F":{"index":"lnuts5X1MM7F","template":"container","type":"invisible","title":"Links","display_on_customization_page":false,"separate":"","priority":3},"OBHtQlfD8NlX":{"index":"OBHtQlfD8NlX","template":"field","title":"Link Color","type":"colorpicker-type","alias":"link-color","values":"","required":false,"requiredMessage":"","validation":null,"validationMessage":"","repeating":false,"titleCaption":"","fieldCaption":"","separate":""},"65YoGNFBHBSX":{"index":"65YoGNFBHBSX","template":"field","title":"Hover Color","type":"colorpicker-type","alias":"link-hover-color","values":"","required":false,"requiredMessage":"","validation":null,"validationMessage":"","repeating":false,"titleCaption":"","fieldCaption":"","separate":""}}}}